ano;sg_uf;territorio;populacao;fonte_populacao
2001;RO;Rondônia;1407886;IBGE/TCU série 2001-2019
2001;AC;Acre;574355;IBGE/TCU série 2001-2019
2001;AM;Amazonas;2900240;IBGE/TCU série 2001-2019
2001;RR;Roraima;337237;IBGE/TCU série 2001-2019
2001;PA;Pará;6341736;IBGE/TCU série 2001-2019
2001;AP;Amapá;498735;IBGE/TCU série 2001-2019
2001;TO;Tocantins;1184895;IBGE/TCU série 2001-2019
2001;MA;Maranhão;5730467;IBGE/TCU série 2001-2019
2001;PI;Piauí;2873010;IBGE/TCU série 2001-2019
2001;CE;Ceará;7547620;IBGE/TCU série 2001-2019
2001;RN;Rio Grande do Norte;2815244;IBGE/TCU série 2001-2019
2001;PB;Paraíba;3468594;IBGE/TCU série 2001-2019
2001;PE;Pernambuco;8008207;IBGE/TCU série 2001-2019
2001;AL;Alagoas;2856629;IBGE/TCU série 2001-2019
2001;SE;Sergipe;1817301;IBGE/TCU série 2001-2019
2001;BA;Bahia;13214114;IBGE/TCU série 2001-2019
2001;MG;Minas Gerais;18127096;IBGE/TCU série 2001-2019
2001;ES;Espírito Santo;3155016;IBGE/TCU série 2001-2019
2001;RJ;Rio de Janeiro;14558545;IBGE/TCU série 2001-2019
2001;SP;São Paulo;37630106;IBGE/TCU série 2001-2019
2001;PR;Paraná;9694709;IBGE/TCU série 2001-2019
2001;SC;Santa Catarina;5448736;IBGE/TCU série 2001-2019
2001;RS;Rio Grande do Sul;10309819;IBGE/TCU série 2001-2019
2001;MS;Mato Grosso do Sul;2111036;IBGE/TCU série 2001-2019
2001;MT;Mato Grosso;2560584;IBGE/TCU série 2001-2019
2001;GO;Goiás;5116462;IBGE/TCU série 2001-2019
2001;DF;Distrito Federal;2097447;IBGE/TCU série 2001-2019
2002;RO;Rondônia;1431777;IBGE/TCU série 2001-2019
2002;AC;Acre;586942;IBGE/TCU série 2001-2019
2002;AM;Amazonas;2961801;IBGE/TCU série 2001-2019
2002;RR;Roraima;346871;IBGE/TCU série 2001-2019
2002;PA;Pará;6453683;IBGE/TCU série 2001-2019
2002;AP;Amapá;516511;IBGE/TCU série 2001-2019
2002;TO;Tocantins;1207014;IBGE/TCU série 2001-2019
2002;MA;Maranhão;5803224;IBGE/TCU série 2001-2019
2002;PI;Piauí;2898223;IBGE/TCU série 2001-2019
2002;CE;Ceará;7654535;IBGE/TCU série 2001-2019
2002;RN;Rio Grande do Norte;2852784;IBGE/TCU série 2001-2019
2002;PB;Paraíba;3494893;IBGE/TCU série 2001-2019
2002;PE;Pernambuco;8084667;IBGE/TCU série 2001-2019
2002;AL;Alagoas;2887535;IBGE/TCU série 2001-2019
2002;SE;Sergipe;1846039;IBGE/TCU série 2001-2019
2002;BA;Bahia;13323212;IBGE/TCU série 2001-2019
2002;MG;Minas Gerais;18343517;IBGE/TCU série 2001-2019
2002;ES;Espírito Santo;3201722;IBGE/TCU série 2001-2019
2002;RJ;Rio de Janeiro;14724475;IBGE/TCU série 2001-2019
2002;SP;São Paulo;38177742;IBGE/TCU série 2001-2019
2002;PR;Paraná;9798006;IBGE/TCU série 2001-2019
2002;SC;Santa Catarina;5527707;IBGE/TCU série 2001-2019
2002;RS;Rio Grande do Sul;10408540;IBGE/TCU série 2001-2019
2002;MS;Mato Grosso do Sul;2140624;IBGE/TCU série 2001-2019
2002;MT;Mato Grosso;2604742;IBGE/TCU série 2001-2019
2002;GO;Goiás;5210335;IBGE/TCU série 2001-2019
2002;DF;Distrito Federal;2145839;IBGE/TCU série 2001-2019
2003;RO;Rondônia;1455907;IBGE/TCU série 2001-2019
2003;AC;Acre;600595;IBGE/TCU série 2001-2019
2003;AM;Amazonas;3031068;IBGE/TCU série 2001-2019
2003;RR;Roraima;357302;IBGE/TCU série 2001-2019
2003;PA;Pará;6574993;IBGE/TCU série 2001-2019
2003;AP;Amapá;534835;IBGE/TCU série 2001-2019
2003;TO;Tocantins;1230181;IBGE/TCU série 2001-2019
2003;MA;Maranhão;5873655;IBGE/TCU série 2001-2019
2003;PI;Piauí;2923725;IBGE/TCU série 2001-2019
2003;CE;Ceará;7758441;IBGE/TCU série 2001-2019
2003;RN;Rio Grande do Norte;2888058;IBGE/TCU série 2001-2019
2003;PB;Paraíba;3518595;IBGE/TCU série 2001-2019
2003;PE;Pernambuco;8161862;IBGE/TCU série 2001-2019
2003;AL;Alagoas;2917664;IBGE/TCU série 2001-2019
2003;SE;Sergipe;1874613;IBGE/TCU série 2001-2019
2003;BA;Bahia;13435612;IBGE/TCU série 2001-2019
2003;MG;Minas Gerais;18553312;IBGE/TCU série 2001-2019
2003;ES;Espírito Santo;3250219;IBGE/TCU série 2001-2019
2003;RJ;Rio de Janeiro;14879118;IBGE/TCU série 2001-2019
2003;SP;São Paulo;38709320;IBGE/TCU série 2001-2019
2003;PR;Paraná;9906866;IBGE/TCU série 2001-2019
2003;SC;Santa Catarina;5607233;IBGE/TCU série 2001-2019
2003;RS;Rio Grande do Sul;10510992;IBGE/TCU série 2001-2019
2003;MS;Mato Grosso do Sul;2169688;IBGE/TCU série 2001-2019
2003;MT;Mato Grosso;2651335;IBGE/TCU série 2001-2019
2003;GO;Goiás;5306459;IBGE/TCU série 2001-2019
2003;DF;Distrito Federal;2189789;IBGE/TCU série 2001-2019
2004;RO;Rondônia;1562085;IBGE/TCU série 2001-2019
2004;AC;Acre;630328;IBGE/TCU série 2001-2019
2004;AM;Amazonas;3138726;IBGE/TCU série 2001-2019
2004;RR;Roraima;381896;IBGE/TCU série 2001-2019
2004;PA;Pará;6850181;IBGE/TCU série 2001-2019
2004;AP;Amapá;547400;IBGE/TCU série 2001-2019
2004;TO;Tocantins;1262644;IBGE/TCU série 2001-2019
2004;MA;Maranhão;6021504;IBGE/TCU série 2001-2019
2004;PI;Piauí;2977259;IBGE/TCU série 2001-2019
2004;CE;Ceará;7976563;IBGE/TCU série 2001-2019
2004;RN;Rio Grande do Norte;2962107;IBGE/TCU série 2001-2019
2004;PB;Paraíba;3568350;IBGE/TCU série 2001-2019
2004;PE;Pernambuco;8323911;IBGE/TCU série 2001-2019
2004;AL;Alagoas;2980910;IBGE/TCU série 2001-2019
2004;SE;Sergipe;1934596;IBGE/TCU série 2001-2019
2004;BA;Bahia;13682074;IBGE/TCU série 2001-2019
2004;MG;Minas Gerais;18993720;IBGE/TCU série 2001-2019
2004;ES;Espírito Santo;3352024;IBGE/TCU série 2001-2019
2004;RJ;Rio de Janeiro;15203750;IBGE/TCU série 2001-2019
2004;SP;São Paulo;39825226;IBGE/TCU série 2001-2019
2004;PR;Paraná;10135388;IBGE/TCU série 2001-2019
2004;SC;Santa Catarina;5774178;IBGE/TCU série 2001-2019
2004;RS;Rio Grande do Sul;10726063;IBGE/TCU série 2001-2019
2004;MS;Mato Grosso do Sul;2230702;IBGE/TCU série 2001-2019
2004;MT;Mato Grosso;2749145;IBGE/TCU série 2001-2019
2004;GO;Goiás;5508245;IBGE/TCU série 2001-2019
2004;DF;Distrito Federal;2282049;IBGE/TCU série 2001-2019
2005;RO;Rondônia;1534594;IBGE/TCU série 2001-2019
2005;AC;Acre;669736;IBGE/TCU série 2001-2019
2005;AM;Amazonas;3232330;IBGE/TCU série 2001-2019
2005;RR;Roraima;391317;IBGE/TCU série 2001-2019
2005;PA;Pará;6970586;IBGE/TCU série 2001-2019
2005;AP;Amapá;594587;IBGE/TCU série 2001-2019
2005;TO;Tocantins;1305728;IBGE/TCU série 2001-2019
2005;MA;Maranhão;6103327;IBGE/TCU série 2001-2019
2005;PI;Piauí;3006885;IBGE/TCU série 2001-2019
2005;CE;Ceará;8097276;IBGE/TCU série 2001-2019
2005;RN;Rio Grande do Norte;3003087;IBGE/TCU série 2001-2019
2005;PB;Paraíba;3595886;IBGE/TCU série 2001-2019
2005;PE;Pernambuco;8413593;IBGE/TCU série 2001-2019
2005;AL;Alagoas;3015912;IBGE/TCU série 2001-2019
2005;SE;Sergipe;1967791;IBGE/TCU série 2001-2019
2005;BA;Bahia;13815334;IBGE/TCU série 2001-2019
2005;MG;Minas Gerais;19237450;IBGE/TCU série 2001-2019
2005;ES;Espírito Santo;3408365;IBGE/TCU série 2001-2019
2005;RJ;Rio de Janeiro;15383407;IBGE/TCU série 2001-2019
2005;SP;São Paulo;40442795;IBGE/TCU série 2001-2019
2005;PR;Paraná;10261856;IBGE/TCU série 2001-2019
2005;SC;Santa Catarina;5866568;IBGE/TCU série 2001-2019
2005;RS;Rio Grande do Sul;10845087;IBGE/TCU série 2001-2019
2005;MS;Mato Grosso do Sul;2264468;IBGE/TCU série 2001-2019
2005;MT;Mato Grosso;2803274;IBGE/TCU série 2001-2019
2005;GO;Goiás;5619917;IBGE/TCU série 2001-2019
2005;DF;Distrito Federal;2333108;IBGE/TCU série 2001-2019
2006;RO;Rondônia;1562417;IBGE/TCU série 2001-2019
2006;AC;Acre;686652;IBGE/TCU série 2001-2019
2006;AM;Amazonas;3311026;IBGE/TCU série 2001-2019
2006;RR;Roraima;403344;IBGE/TCU série 2001-2019
2006;PA;Pará;7110465;IBGE/TCU série 2001-2019
2006;AP;Amapá;615715;IBGE/TCU série 2001-2019
2006;TO;Tocantins;1332441;IBGE/TCU série 2001-2019
2006;MA;Maranhão;6184538;IBGE/TCU série 2001-2019
2006;PI;Piauí;3036290;IBGE/TCU série 2001-2019
2006;CE;Ceará;8217085;IBGE/TCU série 2001-2019
2006;RN;Rio Grande do Norte;3043760;IBGE/TCU série 2001-2019
2006;PB;Paraíba;3623215;IBGE/TCU série 2001-2019
2006;PE;Pernambuco;8502603;IBGE/TCU série 2001-2019
2006;AL;Alagoas;3050652;IBGE/TCU série 2001-2019
2006;SE;Sergipe;2000738;IBGE/TCU série 2001-2019
2006;BA;Bahia;13950146;IBGE/TCU série 2001-2019
2006;MG;Minas Gerais;19479356;IBGE/TCU série 2001-2019
2006;ES;Espírito Santo;3464285;IBGE/TCU série 2001-2019
2006;RJ;Rio de Janeiro;15561720;IBGE/TCU série 2001-2019
2006;SP;São Paulo;41055734;IBGE/TCU série 2001-2019
2006;PR;Paraná;10387378;IBGE/TCU série 2001-2019
2006;SC;Santa Catarina;5958266;IBGE/TCU série 2001-2019
2006;RS;Rio Grande do Sul;10963219;IBGE/TCU série 2001-2019
2006;MS;Mato Grosso do Sul;2297981;IBGE/TCU série 2001-2019
2006;MT;Mato Grosso;2856999;IBGE/TCU série 2001-2019
2006;GO;Goiás;5730753;IBGE/TCU série 2001-2019
2006;DF;Distrito Federal;2383784;IBGE/TCU série 2001-2019
2007;RO;Rondônia;1453756;IBGE/TCU série 2001-2019
2007;AC;Acre;655385;IBGE/TCU série 2001-2019
2007;AM;Amazonas;3221940;IBGE/TCU série 2001-2019
2007;RR;Roraima;395725;IBGE/TCU série 2001-2019
2007;PA;Pará;7065573;IBGE/TCU série 2001-2019
2007;AP;Amapá;587311;IBGE/TCU série 2001-2019
2007;TO;Tocantins;1243627;IBGE/TCU série 2001-2019
2007;MA;Maranhão;6118995;IBGE/TCU série 2001-2019
2007;PI;Piauí;3032435;IBGE/TCU série 2001-2019
2007;CE;Ceará;8185250;IBGE/TCU série 2001-2019
2007;RN;Rio Grande do Norte;3013740;IBGE/TCU série 2001-2019
2007;PB;Paraíba;3641397;IBGE/TCU série 2001-2019
2007;PE;Pernambuco;8486638;IBGE/TCU série 2001-2019
2007;AL;Alagoas;3037231;IBGE/TCU série 2001-2019
2007;SE;Sergipe;1939426;IBGE/TCU série 2001-2019
2007;BA;Bahia;14080670;IBGE/TCU série 2001-2019
2007;MG;Minas Gerais;19273533;IBGE/TCU série 2001-2019
2007;ES;Espírito Santo;3351669;IBGE/TCU série 2001-2019
2007;RJ;Rio de Janeiro;15420450;IBGE/TCU série 2001-2019
2007;SP;São Paulo;39827690;IBGE/TCU série 2001-2019
2007;PR;Paraná;10284503;IBGE/TCU série 2001-2019
2007;SC;Santa Catarina;5866487;IBGE/TCU série 2001-2019
2007;RS;Rio Grande do Sul;10582887;IBGE/TCU série 2001-2019
2007;MS;Mato Grosso do Sul;2265813;IBGE/TCU série 2001-2019
2007;MT;Mato Grosso;2854642;IBGE/TCU série 2001-2019
2007;GO;Goiás;5647035;IBGE/TCU série 2001-2019
2007;DF;Distrito Federal;2455903;IBGE/TCU série 2001-2019
2008;RO;Rondônia;1493566;IBGE/TCU série 2001-2019
2008;AC;Acre;680073;IBGE/TCU série 2001-2019
2008;AM;Amazonas;3341096;IBGE/TCU série 2001-2019
2008;RR;Roraima;412783;IBGE/TCU série 2001-2019
2008;PA;Pará;7321493;IBGE/TCU série 2001-2019
2008;AP;Amapá;613164;IBGE/TCU série 2001-2019
2008;TO;Tocantins;1280509;IBGE/TCU série 2001-2019
2008;MA;Maranhão;6305539;IBGE/TCU série 2001-2019
2008;PI;Piauí;3119697;IBGE/TCU série 2001-2019
2008;CE;Ceará;8450527;IBGE/TCU série 2001-2019
2008;RN;Rio Grande do Norte;3106430;IBGE/TCU série 2001-2019
2008;PB;Paraíba;3742606;IBGE/TCU série 2001-2019
2008;PE;Pernambuco;8734194;IBGE/TCU série 2001-2019
2008;AL;Alagoas;3127557;IBGE/TCU série 2001-2019
2008;SE;Sergipe;1999374;IBGE/TCU série 2001-2019
2008;BA;Bahia;14502575;IBGE/TCU série 2001-2019
2008;MG;Minas Gerais;19850072;IBGE/TCU série 2001-2019
2008;ES;Espírito Santo;3453648;IBGE/TCU série 2001-2019
2008;RJ;Rio de Janeiro;15872362;IBGE/TCU série 2001-2019
2008;SP;São Paulo;41011635;IBGE/TCU série 2001-2019
2008;PR;Paraná;10590169;IBGE/TCU série 2001-2019
2008;SC;Santa Catarina;6052587;IBGE/TCU série 2001-2019
2008;RS;Rio Grande do Sul;10855214;IBGE/TCU série 2001-2019
2008;MS;Mato Grosso do Sul;2336058;IBGE/TCU série 2001-2019
2008;MT;Mato Grosso;2957732;IBGE/TCU série 2001-2019
2008;GO;Goiás;5844996;IBGE/TCU série 2001-2019
2008;DF;Distrito Federal;2557158;IBGE/TCU série 2001-2019
2009;RO;Rondônia;1503928;IBGE/TCU série 2001-2019
2009;AC;Acre;691132;IBGE/TCU série 2001-2019
2009;AM;Amazonas;3393369;IBGE/TCU série 2001-2019
2009;RR;Roraima;421499;IBGE/TCU série 2001-2019
2009;PA;Pará;7431020;IBGE/TCU série 2001-2019
2009;AP;Amapá;626609;IBGE/TCU série 2001-2019
2009;TO;Tocantins;1292051;IBGE/TCU série 2001-2019
2009;MA;Maranhão;6367138;IBGE/TCU série 2001-2019
2009;PI;Piauí;3145325;IBGE/TCU série 2001-2019
2009;CE;Ceará;8547809;IBGE/TCU série 2001-2019
2009;RN;Rio Grande do Norte;3137541;IBGE/TCU série 2001-2019
2009;PB;Paraíba;3769977;IBGE/TCU série 2001-2019
2009;PE;Pernambuco;8810256;IBGE/TCU série 2001-2019
2009;AL;Alagoas;3156108;IBGE/TCU série 2001-2019
2009;SE;Sergipe;2019679;IBGE/TCU série 2001-2019
2009;BA;Bahia;14637364;IBGE/TCU série 2001-2019
2009;MG;Minas Gerais;20033665;IBGE/TCU série 2001-2019
2009;ES;Espírito Santo;3487199;IBGE/TCU série 2001-2019
2009;RJ;Rio de Janeiro;16010429;IBGE/TCU série 2001-2019
2009;SP;São Paulo;41384039;IBGE/TCU série 2001-2019
2009;PR;Paraná;10686247;IBGE/TCU série 2001-2019
2009;SC;Santa Catarina;6118743;IBGE/TCU série 2001-2019
2009;RS;Rio Grande do Sul;10914128;IBGE/TCU série 2001-2019
2009;MS;Mato Grosso do Sul;2360498;IBGE/TCU série 2001-2019
2009;MT;Mato Grosso;3001692;IBGE/TCU série 2001-2019
2009;GO;Goiás;5926300;IBGE/TCU série 2001-2019
2009;DF;Distrito Federal;2606885;IBGE/TCU série 2001-2019
2010;RO;Rondônia;1560501;IBGE/TCU série 2001-2019
2010;AC;Acre;732793;IBGE/TCU série 2001-2019
2010;AM;Amazonas;3480937;IBGE/TCU série 2001-2019
2010;RR;Roraima;451227;IBGE/TCU série 2001-2019
2010;PA;Pará;7603239;IBGE/TCU série 2001-2019
2010;AP;Amapá;668689;IBGE/TCU série 2001-2019
2010;TO;Tocantins;1383453;IBGE/TCU série 2001-2019
2010;MA;Maranhão;6569683;IBGE/TCU série 2001-2019
2010;PI;Piauí;3119015;IBGE/TCU série 2001-2019
2010;CE;Ceará;8448055;IBGE/TCU série 2001-2019
2010;RN;Rio Grande do Norte;3168133;IBGE/TCU série 2001-2019
2010;PB;Paraíba;3766834;IBGE/TCU série 2001-2019
2010;PE;Pernambuco;8796032;IBGE/TCU série 2001-2019
2010;AL;Alagoas;3120922;IBGE/TCU série 2001-2019
2010;SE;Sergipe;2068031;IBGE/TCU série 2001-2019
2010;BA;Bahia;14021432;IBGE/TCU série 2001-2019
2010;MG;Minas Gerais;19595309;IBGE/TCU série 2001-2019
2010;ES;Espírito Santo;3512672;IBGE/TCU série 2001-2019
2010;RJ;Rio de Janeiro;15993583;IBGE/TCU série 2001-2019
2010;SP;São Paulo;41252160;IBGE/TCU série 2001-2019
2010;PR;Paraná;10439601;IBGE/TCU série 2001-2019
2010;SC;Santa Catarina;6249682;IBGE/TCU série 2001-2019
2010;RS;Rio Grande do Sul;10695532;IBGE/TCU série 2001-2019
2010;MS;Mato Grosso do Sul;2449341;IBGE/TCU série 2001-2019
2010;MT;Mato Grosso;3033991;IBGE/TCU série 2001-2019
2010;GO;Goiás;6004045;IBGE/TCU série 2001-2019
2010;DF;Distrito Federal;2562963;IBGE/TCU série 2001-2019
2011;RO;Rondônia;1576455;IBGE/TCU série 2001-2019
2011;AC;Acre;746386;IBGE/TCU série 2001-2019
2011;AM;Amazonas;3538387;IBGE/TCU série 2001-2019
2011;RR;Roraima;460165;IBGE/TCU série 2001-2019
2011;PA;Pará;7688593;IBGE/TCU série 2001-2019
2011;AP;Amapá;684309;IBGE/TCU série 2001-2019
2011;TO;Tocantins;1400892;IBGE/TCU série 2001-2019
2011;MA;Maranhão;6645761;IBGE/TCU série 2001-2019
2011;PI;Piauí;3140328;IBGE/TCU série 2001-2019
2011;CE;Ceará;8530155;IBGE/TCU série 2001-2019
2011;RN;Rio Grande do Norte;3198657;IBGE/TCU série 2001-2019
2011;PB;Paraíba;3791315;IBGE/TCU série 2001-2019
2011;PE;Pernambuco;8864906;IBGE/TCU série 2001-2019
2011;AL;Alagoas;3143384;IBGE/TCU série 2001-2019
2011;SE;Sergipe;2089819;IBGE/TCU série 2001-2019
2011;BA;Bahia;14097534;IBGE/TCU série 2001-2019
2011;MG;Minas Gerais;19728701;IBGE/TCU série 2001-2019
2011;ES;Espírito Santo;3547055;IBGE/TCU série 2001-2019
2011;RJ;Rio de Janeiro;16112678;IBGE/TCU série 2001-2019
2011;SP;São Paulo;41587182;IBGE/TCU série 2001-2019
2011;PR;Paraná;10512349;IBGE/TCU série 2001-2019
2011;SC;Santa Catarina;6317054;IBGE/TCU série 2001-2019
2011;RS;Rio Grande do Sul;10733030;IBGE/TCU série 2001-2019
2011;MS;Mato Grosso do Sul;2477542;IBGE/TCU série 2001-2019
2011;MT;Mato Grosso;3075936;IBGE/TCU série 2001-2019
2011;GO;Goiás;6080716;IBGE/TCU série 2001-2019
2011;DF;Distrito Federal;2609998;IBGE/TCU série 2001-2019
2012;RO;Rondônia;1590011;IBGE/TCU série 2001-2019
2012;AC;Acre;758786;IBGE/TCU série 2001-2019
2012;AM;Amazonas;3590985;IBGE/TCU série 2001-2019
2012;RR;Roraima;469524;IBGE/TCU série 2001-2019
2012;PA;Pará;7792561;IBGE/TCU série 2001-2019
2012;AP;Amapá;698602;IBGE/TCU série 2001-2019
2012;TO;Tocantins;1417694;IBGE/TCU série 2001-2019
2012;MA;Maranhão;6714314;IBGE/TCU série 2001-2019
2012;PI;Piauí;3160748;IBGE/TCU série 2001-2019
2012;CE;Ceará;8606005;IBGE/TCU série 2001-2019
2012;RN;Rio Grande do Norte;3228198;IBGE/TCU série 2001-2019
2012;PB;Paraíba;3815171;IBGE/TCU série 2001-2019
2012;PE;Pernambuco;8931028;IBGE/TCU série 2001-2019
2012;AL;Alagoas;3165472;IBGE/TCU série 2001-2019
2012;SE;Sergipe;2110867;IBGE/TCU série 2001-2019
2012;BA;Bahia;14175341;IBGE/TCU série 2001-2019
2012;MG;Minas Gerais;19855332;IBGE/TCU série 2001-2019
2012;ES;Espírito Santo;3578067;IBGE/TCU série 2001-2019
2012;RJ;Rio de Janeiro;16231365;IBGE/TCU série 2001-2019
2012;SP;São Paulo;41901219;IBGE/TCU série 2001-2019
2012;PR;Paraná;10577755;IBGE/TCU série 2001-2019
2012;SC;Santa Catarina;6383286;IBGE/TCU série 2001-2019
2012;RS;Rio Grande do Sul;10770603;IBGE/TCU série 2001-2019
2012;MS;Mato Grosso do Sul;2505088;IBGE/TCU série 2001-2019
2012;MT;Mato Grosso;3115336;IBGE/TCU série 2001-2019
2012;GO;Goiás;6154996;IBGE/TCU série 2001-2019
2012;DF;Distrito Federal;2648532;IBGE/TCU série 2001-2019
2013;RO;Rondônia;1728214;IBGE/TCU série 2001-2019
2013;AC;Acre;776463;IBGE/TCU série 2001-2019
2013;AM;Amazonas;3807921;IBGE/TCU série 2001-2019
2013;RR;Roraima;488072;IBGE/TCU série 2001-2019
2013;PA;Pará;7969654;IBGE/TCU série 2001-2019
2013;AP;Amapá;734996;IBGE/TCU série 2001-2019
2013;TO;Tocantins;1478164;IBGE/TCU série 2001-2019
2013;MA;Maranhão;6794301;IBGE/TCU série 2001-2019
2013;PI;Piauí;3184166;IBGE/TCU série 2001-2019
2013;CE;Ceará;8778576;IBGE/TCU série 2001-2019
2013;RN;Rio Grande do Norte;3373959;IBGE/TCU série 2001-2019
2013;PB;Paraíba;3914421;IBGE/TCU série 2001-2019
2013;PE;Pernambuco;9208550;IBGE/TCU série 2001-2019
2013;AL;Alagoas;3300935;IBGE/TCU série 2001-2019
2013;SE;Sergipe;2195662;IBGE/TCU série 2001-2019
2013;BA;Bahia;15044137;IBGE/TCU série 2001-2019
2013;MG;Minas Gerais;20593356;IBGE/TCU série 2001-2019
2013;ES;Espírito Santo;3839366;IBGE/TCU série 2001-2019
2013;RJ;Rio de Janeiro;16369179;IBGE/TCU série 2001-2019
2013;SP;São Paulo;43663669;IBGE/TCU série 2001-2019
2013;PR;Paraná;10997465;IBGE/TCU série 2001-2019
2013;SC;Santa Catarina;6634254;IBGE/TCU série 2001-2019
2013;RS;Rio Grande do Sul;11164043;IBGE/TCU série 2001-2019
2013;MS;Mato Grosso do Sul;2587269;IBGE/TCU série 2001-2019
2013;MT;Mato Grosso;3182113;IBGE/TCU série 2001-2019
2013;GO;Goiás;6434048;IBGE/TCU série 2001-2019
2013;DF;Distrito Federal;2789761;IBGE/TCU série 2001-2019
2014;RO;Rondônia;1748531;IBGE/TCU série 2001-2019
2014;AC;Acre;790101;IBGE/TCU série 2001-2019
2014;AM;Amazonas;3873743;IBGE/TCU série 2001-2019
2014;RR;Roraima;496936;IBGE/TCU série 2001-2019
2014;PA;Pará;8073924;IBGE/TCU série 2001-2019
2014;AP;Amapá;750912;IBGE/TCU série 2001-2019
2014;TO;Tocantins;1496880;IBGE/TCU série 2001-2019
2014;MA;Maranhão;6850884;IBGE/TCU série 2001-2019
2014;PI;Piauí;3194718;IBGE/TCU série 2001-2019
2014;CE;Ceará;8842791;IBGE/TCU série 2001-2019
2014;RN;Rio Grande do Norte;3408510;IBGE/TCU série 2001-2019
2014;PB;Paraíba;3943885;IBGE/TCU série 2001-2019
2014;PE;Pernambuco;9277727;IBGE/TCU série 2001-2019
2014;AL;Alagoas;3321730;IBGE/TCU série 2001-2019
2014;SE;Sergipe;2219574;IBGE/TCU série 2001-2019
2014;BA;Bahia;15126371;IBGE/TCU série 2001-2019
2014;MG;Minas Gerais;20734097;IBGE/TCU série 2001-2019
2014;ES;Espírito Santo;3885049;IBGE/TCU série 2001-2019
2014;RJ;Rio de Janeiro;16461173;IBGE/TCU série 2001-2019
2014;SP;São Paulo;44035304;IBGE/TCU série 2001-2019
2014;PR;Paraná;11081692;IBGE/TCU série 2001-2019
2014;SC;Santa Catarina;6727148;IBGE/TCU série 2001-2019
2014;RS;Rio Grande do Sul;11207274;IBGE/TCU série 2001-2019
2014;MS;Mato Grosso do Sul;2619657;IBGE/TCU série 2001-2019
2014;MT;Mato Grosso;3224357;IBGE/TCU série 2001-2019
2014;GO;Goiás;6523222;IBGE/TCU série 2001-2019
2014;DF;Distrito Federal;2852372;IBGE/TCU série 2001-2019
2015;RO;Rondônia;1768204;IBGE/TCU série 2001-2019
2015;AC;Acre;803513;IBGE/TCU série 2001-2019
2015;AM;Amazonas;3938336;IBGE/TCU série 2001-2019
2015;RR;Roraima;505665;IBGE/TCU série 2001-2019
2015;PA;Pará;8175113;IBGE/TCU série 2001-2019
2015;AP;Amapá;766679;IBGE/TCU série 2001-2019
2015;TO;Tocantins;1515126;IBGE/TCU série 2001-2019
2015;MA;Maranhão;6904241;IBGE/TCU série 2001-2019
2015;PI;Piauí;3204028;IBGE/TCU série 2001-2019
2015;CE;Ceará;8904459;IBGE/TCU série 2001-2019
2015;RN;Rio Grande do Norte;3442175;IBGE/TCU série 2001-2019
2015;PB;Paraíba;3972202;IBGE/TCU série 2001-2019
2015;PE;Pernambuco;9345173;IBGE/TCU série 2001-2019
2015;AL;Alagoas;3340932;IBGE/TCU série 2001-2019
2015;SE;Sergipe;2242937;IBGE/TCU série 2001-2019
2015;BA;Bahia;15203934;IBGE/TCU série 2001-2019
2015;MG;Minas Gerais;20869101;IBGE/TCU série 2001-2019
2015;ES;Espírito Santo;3929911;IBGE/TCU série 2001-2019
2015;RJ;Rio de Janeiro;16550024;IBGE/TCU série 2001-2019
2015;SP;São Paulo;44396484;IBGE/TCU série 2001-2019
2015;PR;Paraná;11163018;IBGE/TCU série 2001-2019
2015;SC;Santa Catarina;6819190;IBGE/TCU série 2001-2019
2015;RS;Rio Grande do Sul;11247972;IBGE/TCU série 2001-2019
2015;MS;Mato Grosso do Sul;2651235;IBGE/TCU série 2001-2019
2015;MT;Mato Grosso;3265486;IBGE/TCU série 2001-2019
2015;GO;Goiás;6610681;IBGE/TCU série 2001-2019
2015;DF;Distrito Federal;2914830;IBGE/TCU série 2001-2019
2016;RO;Rondônia;1787279;IBGE/TCU série 2001-2019
2016;AC;Acre;816687;IBGE/TCU série 2001-2019
2016;AM;Amazonas;4001667;IBGE/TCU série 2001-2019
2016;RR;Roraima;514229;IBGE/TCU série 2001-2019
2016;PA;Pará;8272724;IBGE/TCU série 2001-2019
2016;AP;Amapá;782295;IBGE/TCU série 2001-2019
2016;TO;Tocantins;1532902;IBGE/TCU série 2001-2019
2016;MA;Maranhão;6954036;IBGE/TCU série 2001-2019
2016;PI;Piauí;3212180;IBGE/TCU série 2001-2019
2016;CE;Ceará;8963663;IBGE/TCU série 2001-2019
2016;RN;Rio Grande do Norte;3474998;IBGE/TCU série 2001-2019
2016;PB;Paraíba;3999415;IBGE/TCU série 2001-2019
2016;PE;Pernambuco;9410336;IBGE/TCU série 2001-2019
2016;AL;Alagoas;3358963;IBGE/TCU série 2001-2019
2016;SE;Sergipe;2265779;IBGE/TCU série 2001-2019
2016;BA;Bahia;15276566;IBGE/TCU série 2001-2019
2016;MG;Minas Gerais;20997560;IBGE/TCU série 2001-2019
2016;ES;Espírito Santo;3973697;IBGE/TCU série 2001-2019
2016;RJ;Rio de Janeiro;16635996;IBGE/TCU série 2001-2019
2016;SP;São Paulo;44749699;IBGE/TCU série 2001-2019
2016;PR;Paraná;11242720;IBGE/TCU série 2001-2019
2016;SC;Santa Catarina;6910553;IBGE/TCU série 2001-2019
2016;RS;Rio Grande do Sul;11286500;IBGE/TCU série 2001-2019
2016;MS;Mato Grosso do Sul;2682386;IBGE/TCU série 2001-2019
2016;MT;Mato Grosso;3305531;IBGE/TCU série 2001-2019
2016;GO;Goiás;6695855;IBGE/TCU série 2001-2019
2016;DF;Distrito Federal;2977216;IBGE/TCU série 2001-2019
2017;RO;Rondônia;1805788;IBGE/TCU série 2001-2019
2017;AC;Acre;829619;IBGE/TCU série 2001-2019
2017;AM;Amazonas;4063614;IBGE/TCU série 2001-2019
2017;RR;Roraima;522636;IBGE/TCU série 2001-2019
2017;PA;Pará;8366628;IBGE/TCU série 2001-2019
2017;AP;Amapá;797722;IBGE/TCU série 2001-2019
2017;TO;Tocantins;1550194;IBGE/TCU série 2001-2019
2017;MA;Maranhão;7000229;IBGE/TCU série 2001-2019
2017;PI;Piauí;3219257;IBGE/TCU série 2001-2019
2017;CE;Ceará;9020460;IBGE/TCU série 2001-2019
2017;RN;Rio Grande do Norte;3507003;IBGE/TCU série 2001-2019
2017;PB;Paraíba;4025558;IBGE/TCU série 2001-2019
2017;PE;Pernambuco;9473266;IBGE/TCU série 2001-2019
2017;AL;Alagoas;3375823;IBGE/TCU série 2001-2019
2017;SE;Sergipe;2288116;IBGE/TCU série 2001-2019
2017;BA;Bahia;15344447;IBGE/TCU série 2001-2019
2017;MG;Minas Gerais;21119536;IBGE/TCU série 2001-2019
2017;ES;Espírito Santo;4016356;IBGE/TCU série 2001-2019
2017;RJ;Rio de Janeiro;16718956;IBGE/TCU série 2001-2019
2017;SP;São Paulo;45094866;IBGE/TCU série 2001-2019
2017;PR;Paraná;11320892;IBGE/TCU série 2001-2019
2017;SC;Santa Catarina;7001161;IBGE/TCU série 2001-2019
2017;RS;Rio Grande do Sul;11322895;IBGE/TCU série 2001-2019
2017;MS;Mato Grosso do Sul;2713147;IBGE/TCU série 2001-2019
2017;MT;Mato Grosso;3344544;IBGE/TCU série 2001-2019
2017;GO;Goiás;6778772;IBGE/TCU série 2001-2019
2017;DF;Distrito Federal;3039444;IBGE/TCU série 2001-2019
2018;RO;Rondônia;1757589;IBGE/TCU série 2001-2019
2018;AC;Acre;869265;IBGE/TCU série 2001-2019
2018;AM;Amazonas;4080611;IBGE/TCU série 2001-2019
2018;RR;Roraima;576568;IBGE/TCU série 2001-2019
2018;PA;Pará;8513497;IBGE/TCU série 2001-2019
2018;AP;Amapá;829494;IBGE/TCU série 2001-2019
2018;TO;Tocantins;1555229;IBGE/TCU série 2001-2019
2018;MA;Maranhão;7035055;IBGE/TCU série 2001-2019
2018;PI;Piauí;3264531;IBGE/TCU série 2001-2019
2018;CE;Ceará;9075649;IBGE/TCU série 2001-2019
2018;RN;Rio Grande do Norte;3479010;IBGE/TCU série 2001-2019
2018;PB;Paraíba;3996496;IBGE/TCU série 2001-2019
2018;PE;Pernambuco;9496294;IBGE/TCU série 2001-2019
2018;AL;Alagoas;3322820;IBGE/TCU série 2001-2019
2018;SE;Sergipe;2278308;IBGE/TCU série 2001-2019
2018;BA;Bahia;14812617;IBGE/TCU série 2001-2019
2018;MG;Minas Gerais;21040662;IBGE/TCU série 2001-2019
2018;ES;Espírito Santo;3972388;IBGE/TCU série 2001-2019
2018;RJ;Rio de Janeiro;17159960;IBGE/TCU série 2001-2019
2018;SP;São Paulo;45538936;IBGE/TCU série 2001-2019
2018;PR;Paraná;11348937;IBGE/TCU série 2001-2019
2018;SC;Santa Catarina;7075494;IBGE/TCU série 2001-2019
2018;RS;Rio Grande do Sul;11329605;IBGE/TCU série 2001-2019
2018;MS;Mato Grosso do Sul;2748023;IBGE/TCU série 2001-2019
2018;MT;Mato Grosso;3441998;IBGE/TCU série 2001-2019
2018;GO;Goiás;6921161;IBGE/TCU série 2001-2019
2018;DF;Distrito Federal;2974703;IBGE/TCU série 2001-2019
2019;RO;Rondônia;1777225;IBGE/TCU série 2001-2019
2019;AC;Acre;881935;IBGE/TCU série 2001-2019
2019;AM;Amazonas;4144597;IBGE/TCU série 2001-2019
2019;RR;Roraima;605761;IBGE/TCU série 2001-2019
2019;PA;Pará;8602865;IBGE/TCU série 2001-2019
2019;AP;Amapá;845731;IBGE/TCU série 2001-2019
2019;TO;Tocantins;1572866;IBGE/TCU série 2001-2019
2019;MA;Maranhão;7075181;IBGE/TCU série 2001-2019
2019;PI;Piauí;3273227;IBGE/TCU série 2001-2019
2019;CE;Ceará;9132078;IBGE/TCU série 2001-2019
2019;RN;Rio Grande do Norte;3506853;IBGE/TCU série 2001-2019
2019;PB;Paraíba;4018127;IBGE/TCU série 2001-2019
2019;PE;Pernambuco;9557071;IBGE/TCU série 2001-2019
2019;AL;Alagoas;3337357;IBGE/TCU série 2001-2019
2019;SE;Sergipe;2298696;IBGE/TCU série 2001-2019
2019;BA;Bahia;14873064;IBGE/TCU série 2001-2019
2019;MG;Minas Gerais;21168791;IBGE/TCU série 2001-2019
2019;ES;Espírito Santo;4018650;IBGE/TCU série 2001-2019
2019;RJ;Rio de Janeiro;17264943;IBGE/TCU série 2001-2019
2019;SP;São Paulo;45919049;IBGE/TCU série 2001-2019
2019;PR;Paraná;11433957;IBGE/TCU série 2001-2019
2019;SC;Santa Catarina;7164788;IBGE/TCU série 2001-2019
2019;RS;Rio Grande do Sul;11377239;IBGE/TCU série 2001-2019
2019;MS;Mato Grosso do Sul;2778986;IBGE/TCU série 2001-2019
2019;MT;Mato Grosso;3484466;IBGE/TCU série 2001-2019
2019;GO;Goiás;7018354;IBGE/TCU série 2001-2019
2019;DF;Distrito Federal;3015268;IBGE/TCU série 2001-2019
